strain_id	mutation	gene	type
10770_3#44	p.Lys419fs	vraA	mutant
10770_3#47	p.Lys419fs	vraA	wildtype
10900_1#28	p.Lys419fs	vraA	wildtype
JE2	none	none	none
MPROS0022	p.Ser164fs	pstS	wildtype
MPROS0065	p.Pro60Ser	vraA	mutant
MPROS0237	p.Gln13	vraA	mutant
MPROS0420	p.Gly206Glu	pstS	mutant
MPROS0443	p.Leu417	vraA	Absent
MPROS0487	p.Ser164fs	pstS	mutant
MPROS0593	p.Gln13	vraA	wildtype
MPROS0857	p.Gln217	pstS	wildtype
MPROS1861	p.Ser164fs	pstS	wildtype
MPROS1884	p.Pro60Ser	vraA	wildtype
MPROS1912	p.Gln13	vraA	mutant
MPROS1959	p.Gly206Glu	pstS	wildtype
MPROS2026	p.Leu417	vraA	mutant
MPROS2230	p.Gln217	pstS	mutant
N1227	knockout	vraB	knockout
NE1007	knockout	proP	knockout
NE1123	knockout	clpP	knockout
NE1182	knockout	cvfB	knockout
NE1227	knockout	vraB	knockout
NE1360	knockout	mprF	knockout
NE1459	knockout	pstS	knockout
NE162	knockout	vraA	knockout
NE186	knockout	fnbA	knockout
NE187	knockout	pitA	knockout
NE286	knockout	spa	knockout
NE357	knockout	nptA	knockout
NE391	knockout	clfB	knockout
NE433	knockout	pstC	knockout
NE543	knockout	clfA	knockout
NE728	knockout	fnbB	knockout
NEG	none	none	none
