sample_id	curve_id	repeat_id	environment	mutation	gene	type	label	mutation2
10770_3#44	X10770_3.44_019.1	2	19	p.Lys419fs	vraA	mutant	10770_3#44_vraA_p.Lys419fs_mutant	vraA_p.Lys419fs
10770_3#44	X10770_3.44_000.4	5	0	p.Lys419fs	vraA	mutant	10770_3#44_vraA_p.Lys419fs_mutant	vraA_p.Lys419fs
10770_3#44	X10770_3.44_019	1	19	p.Lys419fs	vraA	mutant	10770_3#44_vraA_p.Lys419fs_mutant	vraA_p.Lys419fs
10770_3#44	X10770_3.44_019.8	9	19	p.Lys419fs	vraA	mutant	10770_3#44_vraA_p.Lys419fs_mutant	vraA_p.Lys419fs
10770_3#44	X10770_3.44_000.2	3	0	p.Lys419fs	vraA	mutant	10770_3#44_vraA_p.Lys419fs_mutant	vraA_p.Lys419fs
10770_3#44	X10770_3.44_000.5	6	0	p.Lys419fs	vraA	mutant	10770_3#44_vraA_p.Lys419fs_mutant	vraA_p.Lys419fs
10770_3#44	X10770_3.44_000.6	7	0	p.Lys419fs	vraA	mutant	10770_3#44_vraA_p.Lys419fs_mutant	vraA_p.Lys419fs
10770_3#44	X10770_3.44_000.7	8	0	p.Lys419fs	vraA	mutant	10770_3#44_vraA_p.Lys419fs_mutant	vraA_p.Lys419fs
10770_3#44	X10770_3.44_000.3	4	0	p.Lys419fs	vraA	mutant	10770_3#44_vraA_p.Lys419fs_mutant	vraA_p.Lys419fs
10770_3#44	X10770_3.44_019.3	4	19	p.Lys419fs	vraA	mutant	10770_3#44_vraA_p.Lys419fs_mutant	vraA_p.Lys419fs
10770_3#44	X10770_3.44_019.4	5	19	p.Lys419fs	vraA	mutant	10770_3#44_vraA_p.Lys419fs_mutant	vraA_p.Lys419fs
10770_3#44	X10770_3.44_019.5	6	19	p.Lys419fs	vraA	mutant	10770_3#44_vraA_p.Lys419fs_mutant	vraA_p.Lys419fs
10770_3#44	X10770_3.44_019.2	3	19	p.Lys419fs	vraA	mutant	10770_3#44_vraA_p.Lys419fs_mutant	vraA_p.Lys419fs
10770_3#44	X10770_3.44_019.6	7	19	p.Lys419fs	vraA	mutant	10770_3#44_vraA_p.Lys419fs_mutant	vraA_p.Lys419fs
10770_3#44	X10770_3.44_019.7	8	19	p.Lys419fs	vraA	mutant	10770_3#44_vraA_p.Lys419fs_mutant	vraA_p.Lys419fs
10770_3#44	X10770_3.44_000.1	2	0	p.Lys419fs	vraA	mutant	10770_3#44_vraA_p.Lys419fs_mutant	vraA_p.Lys419fs
10770_3#44	X10770_3.44_000.8	9	0	p.Lys419fs	vraA	mutant	10770_3#44_vraA_p.Lys419fs_mutant	vraA_p.Lys419fs
10770_3#44	X10770_3.44_000	1	0	p.Lys419fs	vraA	mutant	10770_3#44_vraA_p.Lys419fs_mutant	vraA_p.Lys419fs
10770_3#47	X10770_3.47_019	1	19	p.Lys419fs	vraA	wildtype	10770_3#47_vraA_p.Lys419fs_wildtype	vraA_p.Lys419fs
10770_3#47	X10770_3.47_000.6	7	0	p.Lys419fs	vraA	wildtype	10770_3#47_vraA_p.Lys419fs_wildtype	vraA_p.Lys419fs
10770_3#47	X10770_3.47_019.1	2	19	p.Lys419fs	vraA	wildtype	10770_3#47_vraA_p.Lys419fs_wildtype	vraA_p.Lys419fs
10770_3#47	X10770_3.47_000.8	9	0	p.Lys419fs	vraA	wildtype	10770_3#47_vraA_p.Lys419fs_wildtype	vraA_p.Lys419fs
10770_3#47	X10770_3.47_000.5	6	0	p.Lys419fs	vraA	wildtype	10770_3#47_vraA_p.Lys419fs_wildtype	vraA_p.Lys419fs
10770_3#47	X10770_3.47_000.1	2	0	p.Lys419fs	vraA	wildtype	10770_3#47_vraA_p.Lys419fs_wildtype	vraA_p.Lys419fs
10770_3#47	X10770_3.47_000.7	8	0	p.Lys419fs	vraA	wildtype	10770_3#47_vraA_p.Lys419fs_wildtype	vraA_p.Lys419fs
10770_3#47	X10770_3.47_000.3	4	0	p.Lys419fs	vraA	wildtype	10770_3#47_vraA_p.Lys419fs_wildtype	vraA_p.Lys419fs
10770_3#47	X10770_3.47_000.4	5	0	p.Lys419fs	vraA	wildtype	10770_3#47_vraA_p.Lys419fs_wildtype	vraA_p.Lys419fs
10770_3#47	X10770_3.47_019.4	5	19	p.Lys419fs	vraA	wildtype	10770_3#47_vraA_p.Lys419fs_wildtype	vraA_p.Lys419fs
10770_3#47	X10770_3.47_019.5	6	19	p.Lys419fs	vraA	wildtype	10770_3#47_vraA_p.Lys419fs_wildtype	vraA_p.Lys419fs
10770_3#47	X10770_3.47_019.2	3	19	p.Lys419fs	vraA	wildtype	10770_3#47_vraA_p.Lys419fs_wildtype	vraA_p.Lys419fs
10770_3#47	X10770_3.47_019.3	4	19	p.Lys419fs	vraA	wildtype	10770_3#47_vraA_p.Lys419fs_wildtype	vraA_p.Lys419fs
10770_3#47	X10770_3.47_019.8	9	19	p.Lys419fs	vraA	wildtype	10770_3#47_vraA_p.Lys419fs_wildtype	vraA_p.Lys419fs
10770_3#47	X10770_3.47_000.2	3	0	p.Lys419fs	vraA	wildtype	10770_3#47_vraA_p.Lys419fs_wildtype	vraA_p.Lys419fs
10770_3#47	X10770_3.47_019.7	8	19	p.Lys419fs	vraA	wildtype	10770_3#47_vraA_p.Lys419fs_wildtype	vraA_p.Lys419fs
10770_3#47	X10770_3.47_000	1	0	p.Lys419fs	vraA	wildtype	10770_3#47_vraA_p.Lys419fs_wildtype	vraA_p.Lys419fs
10770_3#47	X10770_3.47_019.6	7	19	p.Lys419fs	vraA	wildtype	10770_3#47_vraA_p.Lys419fs_wildtype	vraA_p.Lys419fs
10900_1#28	X10900_1.28_019.3	4	19	p.Lys419fs	vraA	wildtype	10900_1#28_vraA_p.Lys419fs_wildtype	vraA_p.Lys419fs
10900_1#28	X10900_1.28_000	1	0	p.Lys419fs	vraA	wildtype	10900_1#28_vraA_p.Lys419fs_wildtype	vraA_p.Lys419fs
10900_1#28	X10900_1.28_019.4	5	19	p.Lys419fs	vraA	wildtype	10900_1#28_vraA_p.Lys419fs_wildtype	vraA_p.Lys419fs
10900_1#28	X10900_1.28_019.2	3	19	p.Lys419fs	vraA	wildtype	10900_1#28_vraA_p.Lys419fs_wildtype	vraA_p.Lys419fs
10900_1#28	X10900_1.28_000.4	5	0	p.Lys419fs	vraA	wildtype	10900_1#28_vraA_p.Lys419fs_wildtype	vraA_p.Lys419fs
10900_1#28	X10900_1.28_000.1	2	0	p.Lys419fs	vraA	wildtype	10900_1#28_vraA_p.Lys419fs_wildtype	vraA_p.Lys419fs
10900_1#28	X10900_1.28_019.5	6	19	p.Lys419fs	vraA	wildtype	10900_1#28_vraA_p.Lys419fs_wildtype	vraA_p.Lys419fs
10900_1#28	X10900_1.28_019.1	2	19	p.Lys419fs	vraA	wildtype	10900_1#28_vraA_p.Lys419fs_wildtype	vraA_p.Lys419fs
10900_1#28	X10900_1.28_019	1	19	p.Lys419fs	vraA	wildtype	10900_1#28_vraA_p.Lys419fs_wildtype	vraA_p.Lys419fs
10900_1#28	X10900_1.28_000.8	9	0	p.Lys419fs	vraA	wildtype	10900_1#28_vraA_p.Lys419fs_wildtype	vraA_p.Lys419fs
10900_1#28	X10900_1.28_000.2	3	0	p.Lys419fs	vraA	wildtype	10900_1#28_vraA_p.Lys419fs_wildtype	vraA_p.Lys419fs
10900_1#28	X10900_1.28_000.3	4	0	p.Lys419fs	vraA	wildtype	10900_1#28_vraA_p.Lys419fs_wildtype	vraA_p.Lys419fs
10900_1#28	X10900_1.28_000.7	8	0	p.Lys419fs	vraA	wildtype	10900_1#28_vraA_p.Lys419fs_wildtype	vraA_p.Lys419fs
10900_1#28	X10900_1.28_019.6	7	19	p.Lys419fs	vraA	wildtype	10900_1#28_vraA_p.Lys419fs_wildtype	vraA_p.Lys419fs
10900_1#28	X10900_1.28_000.5	6	0	p.Lys419fs	vraA	wildtype	10900_1#28_vraA_p.Lys419fs_wildtype	vraA_p.Lys419fs
10900_1#28	X10900_1.28_000.6	7	0	p.Lys419fs	vraA	wildtype	10900_1#28_vraA_p.Lys419fs_wildtype	vraA_p.Lys419fs
10900_1#28	X10900_1.28_019.8	9	19	p.Lys419fs	vraA	wildtype	10900_1#28_vraA_p.Lys419fs_wildtype	vraA_p.Lys419fs
10900_1#28	X10900_1.28_019.7	8	19	p.Lys419fs	vraA	wildtype	10900_1#28_vraA_p.Lys419fs_wildtype	vraA_p.Lys419fs
JE2	JE2_019	1	19	none	none	none	JE2_none_none_none	none_none
JE2	JE2_000.1	2	0	none	none	none	JE2_none_none_none	none_none
JE2	JE2_000.2	3	0	none	none	none	JE2_none_none_none	none_none
JE2	JE2_000.3	4	0	none	none	none	JE2_none_none_none	none_none
JE2	JE2_000	1	0	none	none	none	JE2_none_none_none	none_none
JE2	JE2_019.4	5	19	none	none	none	JE2_none_none_none	none_none
JE2	JE2_019.1	2	19	none	none	none	JE2_none_none_none	none_none
JE2	JE2_019.2	3	19	none	none	none	JE2_none_none_none	none_none
JE2	JE2_019.3	4	19	none	none	none	JE2_none_none_none	none_none
JE2	JE2_000.6	7	0	none	none	none	JE2_none_none_none	none_none
JE2	JE2_019.5	6	19	none	none	none	JE2_none_none_none	none_none
JE2	JE2_000.8	9	0	none	none	none	JE2_none_none_none	none_none
JE2	JE2_000.4	5	0	none	none	none	JE2_none_none_none	none_none
JE2	JE2_000.5	6	0	none	none	none	JE2_none_none_none	none_none
JE2	JE2_000.7	8	0	none	none	none	JE2_none_none_none	none_none
JE2	JE2_019.8	9	19	none	none	none	JE2_none_none_none	none_none
JE2	JE2_019.7	8	19	none	none	none	JE2_none_none_none	none_none
JE2	JE2_019.6	7	19	none	none	none	JE2_none_none_none	none_none
MPROS0022	MPROS0022_019	1	19	p.Ser164fs	pstS	wildtype	MPROS0022_pstS_p.Ser164fs_wildtype	pstS_p.Ser164fs
MPROS0022	MPROS0022_000	1	0	p.Ser164fs	pstS	wildtype	MPROS0022_pstS_p.Ser164fs_wildtype	pstS_p.Ser164fs
MPROS0022	MPROS0022_000.2	3	0	p.Ser164fs	pstS	wildtype	MPROS0022_pstS_p.Ser164fs_wildtype	pstS_p.Ser164fs
MPROS0022	MPROS0022_019.1	2	19	p.Ser164fs	pstS	wildtype	MPROS0022_pstS_p.Ser164fs_wildtype	pstS_p.Ser164fs
MPROS0022	MPROS0022_000.5	6	0	p.Ser164fs	pstS	wildtype	MPROS0022_pstS_p.Ser164fs_wildtype	pstS_p.Ser164fs
MPROS0022	MPROS0022_000.1	2	0	p.Ser164fs	pstS	wildtype	MPROS0022_pstS_p.Ser164fs_wildtype	pstS_p.Ser164fs
MPROS0022	MPROS0022_000.7	8	0	p.Ser164fs	pstS	wildtype	MPROS0022_pstS_p.Ser164fs_wildtype	pstS_p.Ser164fs
MPROS0022	MPROS0022_000.8	9	0	p.Ser164fs	pstS	wildtype	MPROS0022_pstS_p.Ser164fs_wildtype	pstS_p.Ser164fs
MPROS0022	MPROS0022_000.3	4	0	p.Ser164fs	pstS	wildtype	MPROS0022_pstS_p.Ser164fs_wildtype	pstS_p.Ser164fs
MPROS0022	MPROS0022_000.6	7	0	p.Ser164fs	pstS	wildtype	MPROS0022_pstS_p.Ser164fs_wildtype	pstS_p.Ser164fs
MPROS0022	MPROS0022_019.2	3	19	p.Ser164fs	pstS	wildtype	MPROS0022_pstS_p.Ser164fs_wildtype	pstS_p.Ser164fs
MPROS0022	MPROS0022_019.3	4	19	p.Ser164fs	pstS	wildtype	MPROS0022_pstS_p.Ser164fs_wildtype	pstS_p.Ser164fs
MPROS0022	MPROS0022_019.8	9	19	p.Ser164fs	pstS	wildtype	MPROS0022_pstS_p.Ser164fs_wildtype	pstS_p.Ser164fs
MPROS0022	MPROS0022_000.4	5	0	p.Ser164fs	pstS	wildtype	MPROS0022_pstS_p.Ser164fs_wildtype	pstS_p.Ser164fs
MPROS0022	MPROS0022_019.6	7	19	p.Ser164fs	pstS	wildtype	MPROS0022_pstS_p.Ser164fs_wildtype	pstS_p.Ser164fs
MPROS0022	MPROS0022_019.7	8	19	p.Ser164fs	pstS	wildtype	MPROS0022_pstS_p.Ser164fs_wildtype	pstS_p.Ser164fs
MPROS0022	MPROS0022_019.4	5	19	p.Ser164fs	pstS	wildtype	MPROS0022_pstS_p.Ser164fs_wildtype	pstS_p.Ser164fs
MPROS0022	MPROS0022_019.5	6	19	p.Ser164fs	pstS	wildtype	MPROS0022_pstS_p.Ser164fs_wildtype	pstS_p.Ser164fs
MPROS0065	MPROS0065_019	1	19	p.Pro60Ser	vraA	mutant	MPROS0065_vraA_p.Pro60Ser_mutant	vraA_p.Pro60Ser
MPROS0065	MPROS0065_019.1	2	19	p.Pro60Ser	vraA	mutant	MPROS0065_vraA_p.Pro60Ser_mutant	vraA_p.Pro60Ser
MPROS0065	MPROS0065_019.2	3	19	p.Pro60Ser	vraA	mutant	MPROS0065_vraA_p.Pro60Ser_mutant	vraA_p.Pro60Ser
MPROS0065	MPROS0065_019.3	4	19	p.Pro60Ser	vraA	mutant	MPROS0065_vraA_p.Pro60Ser_mutant	vraA_p.Pro60Ser
MPROS0065	MPROS0065_019.4	5	19	p.Pro60Ser	vraA	mutant	MPROS0065_vraA_p.Pro60Ser_mutant	vraA_p.Pro60Ser
MPROS0065	MPROS0065_019.5	6	19	p.Pro60Ser	vraA	mutant	MPROS0065_vraA_p.Pro60Ser_mutant	vraA_p.Pro60Ser
MPROS0065	MPROS0065_000.2	3	0	p.Pro60Ser	vraA	mutant	MPROS0065_vraA_p.Pro60Ser_mutant	vraA_p.Pro60Ser
MPROS0065	MPROS0065_000.3	4	0	p.Pro60Ser	vraA	mutant	MPROS0065_vraA_p.Pro60Ser_mutant	vraA_p.Pro60Ser
MPROS0065	MPROS0065_000	1	0	p.Pro60Ser	vraA	mutant	MPROS0065_vraA_p.Pro60Ser_mutant	vraA_p.Pro60Ser
MPROS0065	MPROS0065_000.1	2	0	p.Pro60Ser	vraA	mutant	MPROS0065_vraA_p.Pro60Ser_mutant	vraA_p.Pro60Ser
MPROS0065	MPROS0065_000.6	7	0	p.Pro60Ser	vraA	mutant	MPROS0065_vraA_p.Pro60Ser_mutant	vraA_p.Pro60Ser
MPROS0065	MPROS0065_019.6	7	19	p.Pro60Ser	vraA	mutant	MPROS0065_vraA_p.Pro60Ser_mutant	vraA_p.Pro60Ser
MPROS0065	MPROS0065_000.4	5	0	p.Pro60Ser	vraA	mutant	MPROS0065_vraA_p.Pro60Ser_mutant	vraA_p.Pro60Ser
MPROS0065	MPROS0065_000.5	6	0	p.Pro60Ser	vraA	mutant	MPROS0065_vraA_p.Pro60Ser_mutant	vraA_p.Pro60Ser
MPROS0065	MPROS0065_019.7	8	19	p.Pro60Ser	vraA	mutant	MPROS0065_vraA_p.Pro60Ser_mutant	vraA_p.Pro60Ser
MPROS0065	MPROS0065_019.8	9	19	p.Pro60Ser	vraA	mutant	MPROS0065_vraA_p.Pro60Ser_mutant	vraA_p.Pro60Ser
MPROS0065	MPROS0065_000.7	8	0	p.Pro60Ser	vraA	mutant	MPROS0065_vraA_p.Pro60Ser_mutant	vraA_p.Pro60Ser
MPROS0065	MPROS0065_000.8	9	0	p.Pro60Ser	vraA	mutant	MPROS0065_vraA_p.Pro60Ser_mutant	vraA_p.Pro60Ser
MPROS0237	MPROS0237_000.3	4	0	p.Gln13	vraA	mutant	MPROS0237_vraA_p.Gln13_mutant	vraA_p.Gln13
MPROS0237	MPROS0237_000.8	9	0	p.Gln13	vraA	mutant	MPROS0237_vraA_p.Gln13_mutant	vraA_p.Gln13
MPROS0237	MPROS0237_000.2	3	0	p.Gln13	vraA	mutant	MPROS0237_vraA_p.Gln13_mutant	vraA_p.Gln13
MPROS0237	MPROS0237_019.8	9	19	p.Gln13	vraA	mutant	MPROS0237_vraA_p.Gln13_mutant	vraA_p.Gln13
MPROS0237	MPROS0237_000	1	0	p.Gln13	vraA	mutant	MPROS0237_vraA_p.Gln13_mutant	vraA_p.Gln13
MPROS0237	MPROS0237_000.1	2	0	p.Gln13	vraA	mutant	MPROS0237_vraA_p.Gln13_mutant	vraA_p.Gln13
MPROS0237	MPROS0237_019.7	8	19	p.Gln13	vraA	mutant	MPROS0237_vraA_p.Gln13_mutant	vraA_p.Gln13
MPROS0237	MPROS0237_000.6	7	0	p.Gln13	vraA	mutant	MPROS0237_vraA_p.Gln13_mutant	vraA_p.Gln13
MPROS0237	MPROS0237_000.7	8	0	p.Gln13	vraA	mutant	MPROS0237_vraA_p.Gln13_mutant	vraA_p.Gln13
MPROS0237	MPROS0237_000.4	5	0	p.Gln13	vraA	mutant	MPROS0237_vraA_p.Gln13_mutant	vraA_p.Gln13
MPROS0237	MPROS0237_000.5	6	0	p.Gln13	vraA	mutant	MPROS0237_vraA_p.Gln13_mutant	vraA_p.Gln13
MPROS0237	MPROS0237_019.5	6	19	p.Gln13	vraA	mutant	MPROS0237_vraA_p.Gln13_mutant	vraA_p.Gln13
MPROS0237	MPROS0237_019	1	19	p.Gln13	vraA	mutant	MPROS0237_vraA_p.Gln13_mutant	vraA_p.Gln13
MPROS0237	MPROS0237_019.1	2	19	p.Gln13	vraA	mutant	MPROS0237_vraA_p.Gln13_mutant	vraA_p.Gln13
MPROS0237	MPROS0237_019.2	3	19	p.Gln13	vraA	mutant	MPROS0237_vraA_p.Gln13_mutant	vraA_p.Gln13
MPROS0237	MPROS0237_019.4	5	19	p.Gln13	vraA	mutant	MPROS0237_vraA_p.Gln13_mutant	vraA_p.Gln13
MPROS0237	MPROS0237_019.6	7	19	p.Gln13	vraA	mutant	MPROS0237_vraA_p.Gln13_mutant	vraA_p.Gln13
MPROS0237	MPROS0237_019.3	4	19	p.Gln13	vraA	mutant	MPROS0237_vraA_p.Gln13_mutant	vraA_p.Gln13
MPROS0420	MPROS0420_019.5	6	19	p.Gly206Glu	pstS	mutant	MPROS0420_pstS_p.Gly206Glu_mutant	pstS_p.Gly206Glu
MPROS0420	MPROS0420_019.6	7	19	p.Gly206Glu	pstS	mutant	MPROS0420_pstS_p.Gly206Glu_mutant	pstS_p.Gly206Glu
MPROS0420	MPROS0420_019.4	5	19	p.Gly206Glu	pstS	mutant	MPROS0420_pstS_p.Gly206Glu_mutant	pstS_p.Gly206Glu
MPROS0420	MPROS0420_019	1	19	p.Gly206Glu	pstS	mutant	MPROS0420_pstS_p.Gly206Glu_mutant	pstS_p.Gly206Glu
MPROS0420	MPROS0420_019.1	2	19	p.Gly206Glu	pstS	mutant	MPROS0420_pstS_p.Gly206Glu_mutant	pstS_p.Gly206Glu
MPROS0420	MPROS0420_019.7	8	19	p.Gly206Glu	pstS	mutant	MPROS0420_pstS_p.Gly206Glu_mutant	pstS_p.Gly206Glu
MPROS0420	MPROS0420_019.8	9	19	p.Gly206Glu	pstS	mutant	MPROS0420_pstS_p.Gly206Glu_mutant	pstS_p.Gly206Glu
MPROS0420	MPROS0420_000.1	2	0	p.Gly206Glu	pstS	mutant	MPROS0420_pstS_p.Gly206Glu_mutant	pstS_p.Gly206Glu
MPROS0420	MPROS0420_000.2	3	0	p.Gly206Glu	pstS	mutant	MPROS0420_pstS_p.Gly206Glu_mutant	pstS_p.Gly206Glu
MPROS0420	MPROS0420_000.3	4	0	p.Gly206Glu	pstS	mutant	MPROS0420_pstS_p.Gly206Glu_mutant	pstS_p.Gly206Glu
MPROS0420	MPROS0420_000.4	5	0	p.Gly206Glu	pstS	mutant	MPROS0420_pstS_p.Gly206Glu_mutant	pstS_p.Gly206Glu
MPROS0420	MPROS0420_000.5	6	0	p.Gly206Glu	pstS	mutant	MPROS0420_pstS_p.Gly206Glu_mutant	pstS_p.Gly206Glu
MPROS0420	MPROS0420_000.7	8	0	p.Gly206Glu	pstS	mutant	MPROS0420_pstS_p.Gly206Glu_mutant	pstS_p.Gly206Glu
MPROS0420	MPROS0420_000.8	9	0	p.Gly206Glu	pstS	mutant	MPROS0420_pstS_p.Gly206Glu_mutant	pstS_p.Gly206Glu
MPROS0420	MPROS0420_019.2	3	19	p.Gly206Glu	pstS	mutant	MPROS0420_pstS_p.Gly206Glu_mutant	pstS_p.Gly206Glu
MPROS0420	MPROS0420_019.3	4	19	p.Gly206Glu	pstS	mutant	MPROS0420_pstS_p.Gly206Glu_mutant	pstS_p.Gly206Glu
MPROS0420	MPROS0420_000	1	0	p.Gly206Glu	pstS	mutant	MPROS0420_pstS_p.Gly206Glu_mutant	pstS_p.Gly206Glu
MPROS0420	MPROS0420_000.6	7	0	p.Gly206Glu	pstS	mutant	MPROS0420_pstS_p.Gly206Glu_mutant	pstS_p.Gly206Glu
MPROS0443	MPROS0443_019.2	3	19	p.Leu417	vraA	wildtype	MPROS0443_vraA_p.Leu417_wildtype	vraA_p.Leu417
MPROS0443	MPROS0443_019.3	4	19	p.Leu417	vraA	wildtype	MPROS0443_vraA_p.Leu417_wildtype	vraA_p.Leu417
MPROS0443	MPROS0443_019.4	5	19	p.Leu417	vraA	wildtype	MPROS0443_vraA_p.Leu417_wildtype	vraA_p.Leu417
MPROS0443	MPROS0443_019.5	6	19	p.Leu417	vraA	wildtype	MPROS0443_vraA_p.Leu417_wildtype	vraA_p.Leu417
MPROS0443	MPROS0443_000.7	8	0	p.Leu417	vraA	wildtype	MPROS0443_vraA_p.Leu417_wildtype	vraA_p.Leu417
MPROS0443	MPROS0443_019.1	2	19	p.Leu417	vraA	wildtype	MPROS0443_vraA_p.Leu417_wildtype	vraA_p.Leu417
MPROS0443	MPROS0443_019.7	8	19	p.Leu417	vraA	wildtype	MPROS0443_vraA_p.Leu417_wildtype	vraA_p.Leu417
MPROS0443	MPROS0443_019.8	9	19	p.Leu417	vraA	wildtype	MPROS0443_vraA_p.Leu417_wildtype	vraA_p.Leu417
MPROS0443	MPROS0443_019	1	19	p.Leu417	vraA	wildtype	MPROS0443_vraA_p.Leu417_wildtype	vraA_p.Leu417
MPROS0443	MPROS0443_000.3	4	0	p.Leu417	vraA	wildtype	MPROS0443_vraA_p.Leu417_wildtype	vraA_p.Leu417
MPROS0443	MPROS0443_000.8	9	0	p.Leu417	vraA	wildtype	MPROS0443_vraA_p.Leu417_wildtype	vraA_p.Leu417
MPROS0443	MPROS0443_000.1	2	0	p.Leu417	vraA	wildtype	MPROS0443_vraA_p.Leu417_wildtype	vraA_p.Leu417
MPROS0443	MPROS0443_000.2	3	0	p.Leu417	vraA	wildtype	MPROS0443_vraA_p.Leu417_wildtype	vraA_p.Leu417
MPROS0443	MPROS0443_000.6	7	0	p.Leu417	vraA	wildtype	MPROS0443_vraA_p.Leu417_wildtype	vraA_p.Leu417
MPROS0443	MPROS0443_000	1	0	p.Leu417	vraA	wildtype	MPROS0443_vraA_p.Leu417_wildtype	vraA_p.Leu417
MPROS0443	MPROS0443_000.4	5	0	p.Leu417	vraA	wildtype	MPROS0443_vraA_p.Leu417_wildtype	vraA_p.Leu417
MPROS0443	MPROS0443_000.5	6	0	p.Leu417	vraA	wildtype	MPROS0443_vraA_p.Leu417_wildtype	vraA_p.Leu417
MPROS0443	MPROS0443_019.6	7	19	p.Leu417	vraA	wildtype	MPROS0443_vraA_p.Leu417_wildtype	vraA_p.Leu417
MPROS0487	MPROS0487_019	1	19	p.Ser164fs	pstS	mutant	MPROS0487_pstS_p.Ser164fs_mutant	pstS_p.Ser164fs
MPROS0487	MPROS0487_019.1	2	19	p.Ser164fs	pstS	mutant	MPROS0487_pstS_p.Ser164fs_mutant	pstS_p.Ser164fs
MPROS0487	MPROS0487_019.2	3	19	p.Ser164fs	pstS	mutant	MPROS0487_pstS_p.Ser164fs_mutant	pstS_p.Ser164fs
MPROS0487	MPROS0487_019.3	4	19	p.Ser164fs	pstS	mutant	MPROS0487_pstS_p.Ser164fs_mutant	pstS_p.Ser164fs
MPROS0487	MPROS0487_019.4	5	19	p.Ser164fs	pstS	mutant	MPROS0487_pstS_p.Ser164fs_mutant	pstS_p.Ser164fs
MPROS0487	MPROS0487_019.5	6	19	p.Ser164fs	pstS	mutant	MPROS0487_pstS_p.Ser164fs_mutant	pstS_p.Ser164fs
MPROS0487	MPROS0487_019.6	7	19	p.Ser164fs	pstS	mutant	MPROS0487_pstS_p.Ser164fs_mutant	pstS_p.Ser164fs
MPROS0487	MPROS0487_019.7	8	19	p.Ser164fs	pstS	mutant	MPROS0487_pstS_p.Ser164fs_mutant	pstS_p.Ser164fs
MPROS0487	MPROS0487_019.8	9	19	p.Ser164fs	pstS	mutant	MPROS0487_pstS_p.Ser164fs_mutant	pstS_p.Ser164fs
MPROS0487	MPROS0487_000.2	3	0	p.Ser164fs	pstS	mutant	MPROS0487_pstS_p.Ser164fs_mutant	pstS_p.Ser164fs
MPROS0487	MPROS0487_000.3	4	0	p.Ser164fs	pstS	mutant	MPROS0487_pstS_p.Ser164fs_mutant	pstS_p.Ser164fs
MPROS0487	MPROS0487_000.4	5	0	p.Ser164fs	pstS	mutant	MPROS0487_pstS_p.Ser164fs_mutant	pstS_p.Ser164fs
MPROS0487	MPROS0487_000.5	6	0	p.Ser164fs	pstS	mutant	MPROS0487_pstS_p.Ser164fs_mutant	pstS_p.Ser164fs
MPROS0487	MPROS0487_000.6	7	0	p.Ser164fs	pstS	mutant	MPROS0487_pstS_p.Ser164fs_mutant	pstS_p.Ser164fs
MPROS0487	MPROS0487_000.7	8	0	p.Ser164fs	pstS	mutant	MPROS0487_pstS_p.Ser164fs_mutant	pstS_p.Ser164fs
MPROS0487	MPROS0487_000.8	9	0	p.Ser164fs	pstS	mutant	MPROS0487_pstS_p.Ser164fs_mutant	pstS_p.Ser164fs
MPROS0487	MPROS0487_000	1	0	p.Ser164fs	pstS	mutant	MPROS0487_pstS_p.Ser164fs_mutant	pstS_p.Ser164fs
MPROS0487	MPROS0487_000.1	2	0	p.Ser164fs	pstS	mutant	MPROS0487_pstS_p.Ser164fs_mutant	pstS_p.Ser164fs
MPROS0593	MPROS0593_019	1	19	p.Gln13	vraA	wildtype	MPROS0593_vraA_p.Gln13_wildtype	vraA_p.Gln13
MPROS0593	MPROS0593_000.2	3	0	p.Gln13	vraA	wildtype	MPROS0593_vraA_p.Gln13_wildtype	vraA_p.Gln13
MPROS0593	MPROS0593_000.1	2	0	p.Gln13	vraA	wildtype	MPROS0593_vraA_p.Gln13_wildtype	vraA_p.Gln13
MPROS0593	MPROS0593_000.3	4	0	p.Gln13	vraA	wildtype	MPROS0593_vraA_p.Gln13_wildtype	vraA_p.Gln13
MPROS0593	MPROS0593_019.4	5	19	p.Gln13	vraA	wildtype	MPROS0593_vraA_p.Gln13_wildtype	vraA_p.Gln13
MPROS0593	MPROS0593_019.1	2	19	p.Gln13	vraA	wildtype	MPROS0593_vraA_p.Gln13_wildtype	vraA_p.Gln13
MPROS0593	MPROS0593_019.2	3	19	p.Gln13	vraA	wildtype	MPROS0593_vraA_p.Gln13_wildtype	vraA_p.Gln13
MPROS0593	MPROS0593_019.3	4	19	p.Gln13	vraA	wildtype	MPROS0593_vraA_p.Gln13_wildtype	vraA_p.Gln13
MPROS0593	MPROS0593_019.8	9	19	p.Gln13	vraA	wildtype	MPROS0593_vraA_p.Gln13_wildtype	vraA_p.Gln13
MPROS0593	MPROS0593_019.5	6	19	p.Gln13	vraA	wildtype	MPROS0593_vraA_p.Gln13_wildtype	vraA_p.Gln13
MPROS0593	MPROS0593_000	1	0	p.Gln13	vraA	wildtype	MPROS0593_vraA_p.Gln13_wildtype	vraA_p.Gln13
MPROS0593	MPROS0593_000.4	5	0	p.Gln13	vraA	wildtype	MPROS0593_vraA_p.Gln13_wildtype	vraA_p.Gln13
MPROS0593	MPROS0593_000.5	6	0	p.Gln13	vraA	wildtype	MPROS0593_vraA_p.Gln13_wildtype	vraA_p.Gln13
MPROS0593	MPROS0593_000.6	7	0	p.Gln13	vraA	wildtype	MPROS0593_vraA_p.Gln13_wildtype	vraA_p.Gln13
MPROS0593	MPROS0593_000.7	8	0	p.Gln13	vraA	wildtype	MPROS0593_vraA_p.Gln13_wildtype	vraA_p.Gln13
MPROS0593	MPROS0593_019.6	7	19	p.Gln13	vraA	wildtype	MPROS0593_vraA_p.Gln13_wildtype	vraA_p.Gln13
MPROS0593	MPROS0593_019.7	8	19	p.Gln13	vraA	wildtype	MPROS0593_vraA_p.Gln13_wildtype	vraA_p.Gln13
MPROS0593	MPROS0593_000.8	9	0	p.Gln13	vraA	wildtype	MPROS0593_vraA_p.Gln13_wildtype	vraA_p.Gln13
MPROS0857	MPROS0857_019.3	4	19	p.Gln217	pstS	wildtype	MPROS0857_pstS_p.Gln217_wildtype	pstS_p.Gln217
MPROS0857	MPROS0857_000	1	0	p.Gln217	pstS	wildtype	MPROS0857_pstS_p.Gln217_wildtype	pstS_p.Gln217
MPROS0857	MPROS0857_019.2	3	19	p.Gln217	pstS	wildtype	MPROS0857_pstS_p.Gln217_wildtype	pstS_p.Gln217
MPROS0857	MPROS0857_019.1	2	19	p.Gln217	pstS	wildtype	MPROS0857_pstS_p.Gln217_wildtype	pstS_p.Gln217
MPROS0857	MPROS0857_000.3	4	0	p.Gln217	pstS	wildtype	MPROS0857_pstS_p.Gln217_wildtype	pstS_p.Gln217
MPROS0857	MPROS0857_000.1	2	0	p.Gln217	pstS	wildtype	MPROS0857_pstS_p.Gln217_wildtype	pstS_p.Gln217
MPROS0857	MPROS0857_000.2	3	0	p.Gln217	pstS	wildtype	MPROS0857_pstS_p.Gln217_wildtype	pstS_p.Gln217
MPROS0857	MPROS0857_019.6	7	19	p.Gln217	pstS	wildtype	MPROS0857_pstS_p.Gln217_wildtype	pstS_p.Gln217
MPROS0857	MPROS0857_019.4	5	19	p.Gln217	pstS	wildtype	MPROS0857_pstS_p.Gln217_wildtype	pstS_p.Gln217
MPROS0857	MPROS0857_000.5	6	0	p.Gln217	pstS	wildtype	MPROS0857_pstS_p.Gln217_wildtype	pstS_p.Gln217
MPROS0857	MPROS0857_019	1	19	p.Gln217	pstS	wildtype	MPROS0857_pstS_p.Gln217_wildtype	pstS_p.Gln217
MPROS0857	MPROS0857_000.6	7	0	p.Gln217	pstS	wildtype	MPROS0857_pstS_p.Gln217_wildtype	pstS_p.Gln217
MPROS0857	MPROS0857_000.4	5	0	p.Gln217	pstS	wildtype	MPROS0857_pstS_p.Gln217_wildtype	pstS_p.Gln217
MPROS0857	MPROS0857_019.8	9	19	p.Gln217	pstS	wildtype	MPROS0857_pstS_p.Gln217_wildtype	pstS_p.Gln217
MPROS0857	MPROS0857_019.5	6	19	p.Gln217	pstS	wildtype	MPROS0857_pstS_p.Gln217_wildtype	pstS_p.Gln217
MPROS0857	MPROS0857_019.7	8	19	p.Gln217	pstS	wildtype	MPROS0857_pstS_p.Gln217_wildtype	pstS_p.Gln217
MPROS0857	MPROS0857_000.8	9	0	p.Gln217	pstS	wildtype	MPROS0857_pstS_p.Gln217_wildtype	pstS_p.Gln217
MPROS0857	MPROS0857_000.7	8	0	p.Gln217	pstS	wildtype	MPROS0857_pstS_p.Gln217_wildtype	pstS_p.Gln217
MPROS1861	MPROS1861_019.2	3	19	p.Ser164fs	pstS	wildtype	MPROS1861_pstS_p.Ser164fs_wildtype	pstS_p.Ser164fs
MPROS1861	MPROS1861_019.3	4	19	p.Ser164fs	pstS	wildtype	MPROS1861_pstS_p.Ser164fs_wildtype	pstS_p.Ser164fs
MPROS1861	MPROS1861_019	1	19	p.Ser164fs	pstS	wildtype	MPROS1861_pstS_p.Ser164fs_wildtype	pstS_p.Ser164fs
MPROS1861	MPROS1861_019.1	2	19	p.Ser164fs	pstS	wildtype	MPROS1861_pstS_p.Ser164fs_wildtype	pstS_p.Ser164fs
MPROS1861	MPROS1861_019.5	6	19	p.Ser164fs	pstS	wildtype	MPROS1861_pstS_p.Ser164fs_wildtype	pstS_p.Ser164fs
MPROS1861	MPROS1861_019.6	7	19	p.Ser164fs	pstS	wildtype	MPROS1861_pstS_p.Ser164fs_wildtype	pstS_p.Ser164fs
MPROS1861	MPROS1861_000	1	0	p.Ser164fs	pstS	wildtype	MPROS1861_pstS_p.Ser164fs_wildtype	pstS_p.Ser164fs
MPROS1861	MPROS1861_019.4	5	19	p.Ser164fs	pstS	wildtype	MPROS1861_pstS_p.Ser164fs_wildtype	pstS_p.Ser164fs
MPROS1861	MPROS1861_000.5	6	0	p.Ser164fs	pstS	wildtype	MPROS1861_pstS_p.Ser164fs_wildtype	pstS_p.Ser164fs
MPROS1861	MPROS1861_000.6	7	0	p.Ser164fs	pstS	wildtype	MPROS1861_pstS_p.Ser164fs_wildtype	pstS_p.Ser164fs
MPROS1861	MPROS1861_019.7	8	19	p.Ser164fs	pstS	wildtype	MPROS1861_pstS_p.Ser164fs_wildtype	pstS_p.Ser164fs
MPROS1861	MPROS1861_019.8	9	19	p.Ser164fs	pstS	wildtype	MPROS1861_pstS_p.Ser164fs_wildtype	pstS_p.Ser164fs
MPROS1861	MPROS1861_000.4	5	0	p.Ser164fs	pstS	wildtype	MPROS1861_pstS_p.Ser164fs_wildtype	pstS_p.Ser164fs
MPROS1861	MPROS1861_000.1	2	0	p.Ser164fs	pstS	wildtype	MPROS1861_pstS_p.Ser164fs_wildtype	pstS_p.Ser164fs
MPROS1861	MPROS1861_000.2	3	0	p.Ser164fs	pstS	wildtype	MPROS1861_pstS_p.Ser164fs_wildtype	pstS_p.Ser164fs
MPROS1861	MPROS1861_000.3	4	0	p.Ser164fs	pstS	wildtype	MPROS1861_pstS_p.Ser164fs_wildtype	pstS_p.Ser164fs
MPROS1861	MPROS1861_000.8	9	0	p.Ser164fs	pstS	wildtype	MPROS1861_pstS_p.Ser164fs_wildtype	pstS_p.Ser164fs
MPROS1861	MPROS1861_000.7	8	0	p.Ser164fs	pstS	wildtype	MPROS1861_pstS_p.Ser164fs_wildtype	pstS_p.Ser164fs
MPROS1884	MPROS1884_019	1	19	p.Pro60Ser	vraA	wildtype	MPROS1884_vraA_p.Pro60Ser_wildtype	vraA_p.Pro60Ser
MPROS1884	MPROS1884_000.1	2	0	p.Pro60Ser	vraA	wildtype	MPROS1884_vraA_p.Pro60Ser_wildtype	vraA_p.Pro60Ser
MPROS1884	MPROS1884_000.3	4	0	p.Pro60Ser	vraA	wildtype	MPROS1884_vraA_p.Pro60Ser_wildtype	vraA_p.Pro60Ser
MPROS1884	MPROS1884_019.1	2	19	p.Pro60Ser	vraA	wildtype	MPROS1884_vraA_p.Pro60Ser_wildtype	vraA_p.Pro60Ser
MPROS1884	MPROS1884_019.2	3	19	p.Pro60Ser	vraA	wildtype	MPROS1884_vraA_p.Pro60Ser_wildtype	vraA_p.Pro60Ser
MPROS1884	MPROS1884_000.2	3	0	p.Pro60Ser	vraA	wildtype	MPROS1884_vraA_p.Pro60Ser_wildtype	vraA_p.Pro60Ser
MPROS1884	MPROS1884_019.4	5	19	p.Pro60Ser	vraA	wildtype	MPROS1884_vraA_p.Pro60Ser_wildtype	vraA_p.Pro60Ser
MPROS1884	MPROS1884_019.5	6	19	p.Pro60Ser	vraA	wildtype	MPROS1884_vraA_p.Pro60Ser_wildtype	vraA_p.Pro60Ser
MPROS1884	MPROS1884_019.6	7	19	p.Pro60Ser	vraA	wildtype	MPROS1884_vraA_p.Pro60Ser_wildtype	vraA_p.Pro60Ser
MPROS1884	MPROS1884_019.3	4	19	p.Pro60Ser	vraA	wildtype	MPROS1884_vraA_p.Pro60Ser_wildtype	vraA_p.Pro60Ser
MPROS1884	MPROS1884_019.8	9	19	p.Pro60Ser	vraA	wildtype	MPROS1884_vraA_p.Pro60Ser_wildtype	vraA_p.Pro60Ser
MPROS1884	MPROS1884_000.5	6	0	p.Pro60Ser	vraA	wildtype	MPROS1884_vraA_p.Pro60Ser_wildtype	vraA_p.Pro60Ser
MPROS1884	MPROS1884_000	1	0	p.Pro60Ser	vraA	wildtype	MPROS1884_vraA_p.Pro60Ser_wildtype	vraA_p.Pro60Ser
MPROS1884	MPROS1884_000.7	8	0	p.Pro60Ser	vraA	wildtype	MPROS1884_vraA_p.Pro60Ser_wildtype	vraA_p.Pro60Ser
MPROS1884	MPROS1884_000.4	5	0	p.Pro60Ser	vraA	wildtype	MPROS1884_vraA_p.Pro60Ser_wildtype	vraA_p.Pro60Ser
MPROS1884	MPROS1884_000.8	9	0	p.Pro60Ser	vraA	wildtype	MPROS1884_vraA_p.Pro60Ser_wildtype	vraA_p.Pro60Ser
MPROS1884	MPROS1884_000.6	7	0	p.Pro60Ser	vraA	wildtype	MPROS1884_vraA_p.Pro60Ser_wildtype	vraA_p.Pro60Ser
MPROS1884	MPROS1884_019.7	8	19	p.Pro60Ser	vraA	wildtype	MPROS1884_vraA_p.Pro60Ser_wildtype	vraA_p.Pro60Ser
MPROS1912	MPROS1912_019.2	3	19	p.Gln13	vraA	mutant	MPROS1912_vraA_p.Gln13_mutant	vraA_p.Gln13
MPROS1912	MPROS1912_019.3	4	19	p.Gln13	vraA	mutant	MPROS1912_vraA_p.Gln13_mutant	vraA_p.Gln13
MPROS1912	MPROS1912_019.4	5	19	p.Gln13	vraA	mutant	MPROS1912_vraA_p.Gln13_mutant	vraA_p.Gln13
MPROS1912	MPROS1912_000.7	8	0	p.Gln13	vraA	mutant	MPROS1912_vraA_p.Gln13_mutant	vraA_p.Gln13
MPROS1912	MPROS1912_019.5	6	19	p.Gln13	vraA	mutant	MPROS1912_vraA_p.Gln13_mutant	vraA_p.Gln13
MPROS1912	MPROS1912_019.1	2	19	p.Gln13	vraA	mutant	MPROS1912_vraA_p.Gln13_mutant	vraA_p.Gln13
MPROS1912	MPROS1912_000.3	4	0	p.Gln13	vraA	mutant	MPROS1912_vraA_p.Gln13_mutant	vraA_p.Gln13
MPROS1912	MPROS1912_000.8	9	0	p.Gln13	vraA	mutant	MPROS1912_vraA_p.Gln13_mutant	vraA_p.Gln13
MPROS1912	MPROS1912_019	1	19	p.Gln13	vraA	mutant	MPROS1912_vraA_p.Gln13_mutant	vraA_p.Gln13
MPROS1912	MPROS1912_000.2	3	0	p.Gln13	vraA	mutant	MPROS1912_vraA_p.Gln13_mutant	vraA_p.Gln13
MPROS1912	MPROS1912_019.8	9	19	p.Gln13	vraA	mutant	MPROS1912_vraA_p.Gln13_mutant	vraA_p.Gln13
MPROS1912	MPROS1912_000	1	0	p.Gln13	vraA	mutant	MPROS1912_vraA_p.Gln13_mutant	vraA_p.Gln13
MPROS1912	MPROS1912_000.1	2	0	p.Gln13	vraA	mutant	MPROS1912_vraA_p.Gln13_mutant	vraA_p.Gln13
MPROS1912	MPROS1912_000.6	7	0	p.Gln13	vraA	mutant	MPROS1912_vraA_p.Gln13_mutant	vraA_p.Gln13
MPROS1912	MPROS1912_000.5	6	0	p.Gln13	vraA	mutant	MPROS1912_vraA_p.Gln13_mutant	vraA_p.Gln13
MPROS1912	MPROS1912_019.7	8	19	p.Gln13	vraA	mutant	MPROS1912_vraA_p.Gln13_mutant	vraA_p.Gln13
MPROS1912	MPROS1912_019.6	7	19	p.Gln13	vraA	mutant	MPROS1912_vraA_p.Gln13_mutant	vraA_p.Gln13
MPROS1912	MPROS1912_000.4	5	0	p.Gln13	vraA	mutant	MPROS1912_vraA_p.Gln13_mutant	vraA_p.Gln13
MPROS1959	MPROS1959_019.6	7	19	p.Gly206Glu	pstS	wildtype	MPROS1959_pstS_p.Gly206Glu_wildtype	pstS_p.Gly206Glu
MPROS1959	MPROS1959_019.3	4	19	p.Gly206Glu	pstS	wildtype	MPROS1959_pstS_p.Gly206Glu_wildtype	pstS_p.Gly206Glu
MPROS1959	MPROS1959_000.1	2	0	p.Gly206Glu	pstS	wildtype	MPROS1959_pstS_p.Gly206Glu_wildtype	pstS_p.Gly206Glu
MPROS1959	MPROS1959_000.2	3	0	p.Gly206Glu	pstS	wildtype	MPROS1959_pstS_p.Gly206Glu_wildtype	pstS_p.Gly206Glu
MPROS1959	MPROS1959_019.7	8	19	p.Gly206Glu	pstS	wildtype	MPROS1959_pstS_p.Gly206Glu_wildtype	pstS_p.Gly206Glu
MPROS1959	MPROS1959_019.8	9	19	p.Gly206Glu	pstS	wildtype	MPROS1959_pstS_p.Gly206Glu_wildtype	pstS_p.Gly206Glu
MPROS1959	MPROS1959_000.8	9	0	p.Gly206Glu	pstS	wildtype	MPROS1959_pstS_p.Gly206Glu_wildtype	pstS_p.Gly206Glu
MPROS1959	MPROS1959_019.4	5	19	p.Gly206Glu	pstS	wildtype	MPROS1959_pstS_p.Gly206Glu_wildtype	pstS_p.Gly206Glu
MPROS1959	MPROS1959_019.5	6	19	p.Gly206Glu	pstS	wildtype	MPROS1959_pstS_p.Gly206Glu_wildtype	pstS_p.Gly206Glu
MPROS1959	MPROS1959_019.2	3	19	p.Gly206Glu	pstS	wildtype	MPROS1959_pstS_p.Gly206Glu_wildtype	pstS_p.Gly206Glu
MPROS1959	MPROS1959_000	1	0	p.Gly206Glu	pstS	wildtype	MPROS1959_pstS_p.Gly206Glu_wildtype	pstS_p.Gly206Glu
MPROS1959	MPROS1959_000.5	6	0	p.Gly206Glu	pstS	wildtype	MPROS1959_pstS_p.Gly206Glu_wildtype	pstS_p.Gly206Glu
MPROS1959	MPROS1959_000.6	7	0	p.Gly206Glu	pstS	wildtype	MPROS1959_pstS_p.Gly206Glu_wildtype	pstS_p.Gly206Glu
MPROS1959	MPROS1959_000.3	4	0	p.Gly206Glu	pstS	wildtype	MPROS1959_pstS_p.Gly206Glu_wildtype	pstS_p.Gly206Glu
MPROS1959	MPROS1959_000.4	5	0	p.Gly206Glu	pstS	wildtype	MPROS1959_pstS_p.Gly206Glu_wildtype	pstS_p.Gly206Glu
MPROS1959	MPROS1959_019	1	19	p.Gly206Glu	pstS	wildtype	MPROS1959_pstS_p.Gly206Glu_wildtype	pstS_p.Gly206Glu
MPROS1959	MPROS1959_019.1	2	19	p.Gly206Glu	pstS	wildtype	MPROS1959_pstS_p.Gly206Glu_wildtype	pstS_p.Gly206Glu
MPROS1959	MPROS1959_000.7	8	0	p.Gly206Glu	pstS	wildtype	MPROS1959_pstS_p.Gly206Glu_wildtype	pstS_p.Gly206Glu
MPROS2026	MPROS2026_000.7	8	0	p.Leu417	vraA	mutant	MPROS2026_vraA_p.Leu417_mutant	vraA_p.Leu417
MPROS2026	MPROS2026_000.8	9	0	p.Leu417	vraA	mutant	MPROS2026_vraA_p.Leu417_mutant	vraA_p.Leu417
MPROS2026	MPROS2026_019.7	8	19	p.Leu417	vraA	mutant	MPROS2026_vraA_p.Leu417_mutant	vraA_p.Leu417
MPROS2026	MPROS2026_019.8	9	19	p.Leu417	vraA	mutant	MPROS2026_vraA_p.Leu417_mutant	vraA_p.Leu417
MPROS2026	MPROS2026_019	1	19	p.Leu417	vraA	mutant	MPROS2026_vraA_p.Leu417_mutant	vraA_p.Leu417
MPROS2026	MPROS2026_019.1	2	19	p.Leu417	vraA	mutant	MPROS2026_vraA_p.Leu417_mutant	vraA_p.Leu417
MPROS2026	MPROS2026_019.2	3	19	p.Leu417	vraA	mutant	MPROS2026_vraA_p.Leu417_mutant	vraA_p.Leu417
MPROS2026	MPROS2026_019.3	4	19	p.Leu417	vraA	mutant	MPROS2026_vraA_p.Leu417_mutant	vraA_p.Leu417
MPROS2026	MPROS2026_019.4	5	19	p.Leu417	vraA	mutant	MPROS2026_vraA_p.Leu417_mutant	vraA_p.Leu417
MPROS2026	MPROS2026_019.5	6	19	p.Leu417	vraA	mutant	MPROS2026_vraA_p.Leu417_mutant	vraA_p.Leu417
MPROS2026	MPROS2026_019.6	7	19	p.Leu417	vraA	mutant	MPROS2026_vraA_p.Leu417_mutant	vraA_p.Leu417
MPROS2026	MPROS2026_000.4	5	0	p.Leu417	vraA	mutant	MPROS2026_vraA_p.Leu417_mutant	vraA_p.Leu417
MPROS2026	MPROS2026_000.5	6	0	p.Leu417	vraA	mutant	MPROS2026_vraA_p.Leu417_mutant	vraA_p.Leu417
MPROS2026	MPROS2026_000.6	7	0	p.Leu417	vraA	mutant	MPROS2026_vraA_p.Leu417_mutant	vraA_p.Leu417
MPROS2026	MPROS2026_000.2	3	0	p.Leu417	vraA	mutant	MPROS2026_vraA_p.Leu417_mutant	vraA_p.Leu417
MPROS2026	MPROS2026_000.3	4	0	p.Leu417	vraA	mutant	MPROS2026_vraA_p.Leu417_mutant	vraA_p.Leu417
MPROS2026	MPROS2026_000	1	0	p.Leu417	vraA	mutant	MPROS2026_vraA_p.Leu417_mutant	vraA_p.Leu417
MPROS2026	MPROS2026_000.1	2	0	p.Leu417	vraA	mutant	MPROS2026_vraA_p.Leu417_mutant	vraA_p.Leu417
MPROS2230	MPROS2230_000.3	4	0	p.Gln217	pstS	mutant	MPROS2230_pstS_p.Gln217_mutant	pstS_p.Gln217
MPROS2230	MPROS2230_000.4	5	0	p.Gln217	pstS	mutant	MPROS2230_pstS_p.Gln217_mutant	pstS_p.Gln217
MPROS2230	MPROS2230_000.2	3	0	p.Gln217	pstS	mutant	MPROS2230_pstS_p.Gln217_mutant	pstS_p.Gln217
MPROS2230	MPROS2230_019.7	8	19	p.Gln217	pstS	mutant	MPROS2230_pstS_p.Gln217_mutant	pstS_p.Gln217
MPROS2230	MPROS2230_000.1	2	0	p.Gln217	pstS	mutant	MPROS2230_pstS_p.Gln217_mutant	pstS_p.Gln217
MPROS2230	MPROS2230_000	1	0	p.Gln217	pstS	mutant	MPROS2230_pstS_p.Gln217_mutant	pstS_p.Gln217
MPROS2230	MPROS2230_019.6	7	19	p.Gln217	pstS	mutant	MPROS2230_pstS_p.Gln217_mutant	pstS_p.Gln217
MPROS2230	MPROS2230_019.2	3	19	p.Gln217	pstS	mutant	MPROS2230_pstS_p.Gln217_mutant	pstS_p.Gln217
MPROS2230	MPROS2230_019.3	4	19	p.Gln217	pstS	mutant	MPROS2230_pstS_p.Gln217_mutant	pstS_p.Gln217
MPROS2230	MPROS2230_000.8	9	0	p.Gln217	pstS	mutant	MPROS2230_pstS_p.Gln217_mutant	pstS_p.Gln217
MPROS2230	MPROS2230_019.8	9	19	p.Gln217	pstS	mutant	MPROS2230_pstS_p.Gln217_mutant	pstS_p.Gln217
MPROS2230	MPROS2230_000.5	6	0	p.Gln217	pstS	mutant	MPROS2230_pstS_p.Gln217_mutant	pstS_p.Gln217
MPROS2230	MPROS2230_000.6	7	0	p.Gln217	pstS	mutant	MPROS2230_pstS_p.Gln217_mutant	pstS_p.Gln217
MPROS2230	MPROS2230_019.4	5	19	p.Gln217	pstS	mutant	MPROS2230_pstS_p.Gln217_mutant	pstS_p.Gln217
MPROS2230	MPROS2230_019.5	6	19	p.Gln217	pstS	mutant	MPROS2230_pstS_p.Gln217_mutant	pstS_p.Gln217
MPROS2230	MPROS2230_019.1	2	19	p.Gln217	pstS	mutant	MPROS2230_pstS_p.Gln217_mutant	pstS_p.Gln217
MPROS2230	MPROS2230_000.7	8	0	p.Gln217	pstS	mutant	MPROS2230_pstS_p.Gln217_mutant	pstS_p.Gln217
MPROS2230	MPROS2230_019	1	19	p.Gln217	pstS	mutant	MPROS2230_pstS_p.Gln217_mutant	pstS_p.Gln217
N1227	N1227_000.1	2	0	knockout	vraB	knockout	N1227_vraB_knockout_knockout	vraB_knockout
N1227	N1227_000.2	3	0	knockout	vraB	knockout	N1227_vraB_knockout_knockout	vraB_knockout
N1227	N1227_000.4	5	0	knockout	vraB	knockout	N1227_vraB_knockout_knockout	vraB_knockout
N1227	N1227_000	1	0	knockout	vraB	knockout	N1227_vraB_knockout_knockout	vraB_knockout
N1227	N1227_000.6	7	0	knockout	vraB	knockout	N1227_vraB_knockout_knockout	vraB_knockout
N1227	N1227_000.7	8	0	knockout	vraB	knockout	N1227_vraB_knockout_knockout	vraB_knockout
N1227	N1227_000.8	9	0	knockout	vraB	knockout	N1227_vraB_knockout_knockout	vraB_knockout
N1227	N1227_000.5	6	0	knockout	vraB	knockout	N1227_vraB_knockout_knockout	vraB_knockout
N1227	N1227_000.3	4	0	knockout	vraB	knockout	N1227_vraB_knockout_knockout	vraB_knockout
NE1007	NE1007_019.1	2	19	knockout	proP	knockout	NE1007_proP_knockout_knockout	proP_knockout
NE1007	NE1007_019.2	3	19	knockout	proP	knockout	NE1007_proP_knockout_knockout	proP_knockout
NE1007	NE1007_000.2	3	0	knockout	proP	knockout	NE1007_proP_knockout_knockout	proP_knockout
NE1007	NE1007_019.4	5	19	knockout	proP	knockout	NE1007_proP_knockout_knockout	proP_knockout
NE1007	NE1007_000	1	0	knockout	proP	knockout	NE1007_proP_knockout_knockout	proP_knockout
NE1007	NE1007_019	1	19	knockout	proP	knockout	NE1007_proP_knockout_knockout	proP_knockout
NE1007	NE1007_000.1	2	0	knockout	proP	knockout	NE1007_proP_knockout_knockout	proP_knockout
NE1007	NE1007_019.6	7	19	knockout	proP	knockout	NE1007_proP_knockout_knockout	proP_knockout
NE1007	NE1007_000.3	4	0	knockout	proP	knockout	NE1007_proP_knockout_knockout	proP_knockout
NE1007	NE1007_000.4	5	0	knockout	proP	knockout	NE1007_proP_knockout_knockout	proP_knockout
NE1007	NE1007_019.3	4	19	knockout	proP	knockout	NE1007_proP_knockout_knockout	proP_knockout
NE1007	NE1007_000.5	6	0	knockout	proP	knockout	NE1007_proP_knockout_knockout	proP_knockout
NE1007	NE1007_019.7	8	19	knockout	proP	knockout	NE1007_proP_knockout_knockout	proP_knockout
NE1007	NE1007_019.8	9	19	knockout	proP	knockout	NE1007_proP_knockout_knockout	proP_knockout
NE1007	NE1007_000.8	9	0	knockout	proP	knockout	NE1007_proP_knockout_knockout	proP_knockout
NE1007	NE1007_000.6	7	0	knockout	proP	knockout	NE1007_proP_knockout_knockout	proP_knockout
NE1007	NE1007_000.7	8	0	knockout	proP	knockout	NE1007_proP_knockout_knockout	proP_knockout
NE1007	NE1007_019.5	6	19	knockout	proP	knockout	NE1007_proP_knockout_knockout	proP_knockout
NE1123	NE1123_019.4	5	19	knockout	clpP	knockout	NE1123_clpP_knockout_knockout	clpP_knockout
NE1123	NE1123_019.3	4	19	knockout	clpP	knockout	NE1123_clpP_knockout_knockout	clpP_knockout
NE1123	NE1123_0000.6	7	0	knockout	clpP	knockout	NE1123_clpP_knockout_knockout	clpP_knockout
NE1123	NE1123_0000.7	8	0	knockout	clpP	knockout	NE1123_clpP_knockout_knockout	clpP_knockout
NE1123	NE1123_019.6	7	19	knockout	clpP	knockout	NE1123_clpP_knockout_knockout	clpP_knockout
NE1123	NE1123_019.2	3	19	knockout	clpP	knockout	NE1123_clpP_knockout_knockout	clpP_knockout
NE1123	NE1123_019.7	8	19	knockout	clpP	knockout	NE1123_clpP_knockout_knockout	clpP_knockout
NE1123	NE1123_019.8	9	19	knockout	clpP	knockout	NE1123_clpP_knockout_knockout	clpP_knockout
NE1123	NE1123_019.5	6	19	knockout	clpP	knockout	NE1123_clpP_knockout_knockout	clpP_knockout
NE1123	NE1123_0000.8	9	0	knockout	clpP	knockout	NE1123_clpP_knockout_knockout	clpP_knockout
NE1123	NE1123_0000.5	6	0	knockout	clpP	knockout	NE1123_clpP_knockout_knockout	clpP_knockout
NE1123	NE1123_0000.4	5	0	knockout	clpP	knockout	NE1123_clpP_knockout_knockout	clpP_knockout
NE1123	NE1123_0000.1	2	0	knockout	clpP	knockout	NE1123_clpP_knockout_knockout	clpP_knockout
NE1123	NE1123_0000.2	3	0	knockout	clpP	knockout	NE1123_clpP_knockout_knockout	clpP_knockout
NE1123	NE1123_019.1	2	19	knockout	clpP	knockout	NE1123_clpP_knockout_knockout	clpP_knockout
NE1123	NE1123_0000	1	0	knockout	clpP	knockout	NE1123_clpP_knockout_knockout	clpP_knockout
NE1123	NE1123_0000.3	4	0	knockout	clpP	knockout	NE1123_clpP_knockout_knockout	clpP_knockout
NE1123	NE1123_019	1	19	knockout	clpP	knockout	NE1123_clpP_knockout_knockout	clpP_knockout
NE1182	NE1182_019.2	3	19	knockout	cvfB	knockout	NE1182_cvfB_knockout_knockout	cvfB_knockout
NE1182	NE1182_000.8	9	0	knockout	cvfB	knockout	NE1182_cvfB_knockout_knockout	cvfB_knockout
NE1182	NE1182_019.1	2	19	knockout	cvfB	knockout	NE1182_cvfB_knockout_knockout	cvfB_knockout
NE1182	NE1182_000.2	3	0	knockout	cvfB	knockout	NE1182_cvfB_knockout_knockout	cvfB_knockout
NE1182	NE1182_019.3	4	19	knockout	cvfB	knockout	NE1182_cvfB_knockout_knockout	cvfB_knockout
NE1182	NE1182_019.4	5	19	knockout	cvfB	knockout	NE1182_cvfB_knockout_knockout	cvfB_knockout
NE1182	NE1182_019.5	6	19	knockout	cvfB	knockout	NE1182_cvfB_knockout_knockout	cvfB_knockout
NE1182	NE1182_000.7	8	0	knockout	cvfB	knockout	NE1182_cvfB_knockout_knockout	cvfB_knockout
NE1182	NE1182_000.4	5	0	knockout	cvfB	knockout	NE1182_cvfB_knockout_knockout	cvfB_knockout
NE1182	NE1182_000.5	6	0	knockout	cvfB	knockout	NE1182_cvfB_knockout_knockout	cvfB_knockout
NE1182	NE1182_000.6	7	0	knockout	cvfB	knockout	NE1182_cvfB_knockout_knockout	cvfB_knockout
NE1182	NE1182_019.8	9	19	knockout	cvfB	knockout	NE1182_cvfB_knockout_knockout	cvfB_knockout
NE1182	NE1182_019	1	19	knockout	cvfB	knockout	NE1182_cvfB_knockout_knockout	cvfB_knockout
NE1182	NE1182_019.6	7	19	knockout	cvfB	knockout	NE1182_cvfB_knockout_knockout	cvfB_knockout
NE1182	NE1182_019.7	8	19	knockout	cvfB	knockout	NE1182_cvfB_knockout_knockout	cvfB_knockout
NE1182	NE1182_000.1	2	0	knockout	cvfB	knockout	NE1182_cvfB_knockout_knockout	cvfB_knockout
NE1182	NE1182_000.3	4	0	knockout	cvfB	knockout	NE1182_cvfB_knockout_knockout	cvfB_knockout
NE1182	NE1182_000	1	0	knockout	cvfB	knockout	NE1182_cvfB_knockout_knockout	cvfB_knockout
NE1227	NE1227_019.1	2	19	knockout	vraB	knockout	NE1227_vraB_knockout_knockout	vraB_knockout
NE1227	NE1227_019.2	3	19	knockout	vraB	knockout	NE1227_vraB_knockout_knockout	vraB_knockout
NE1227	NE1227_019	1	19	knockout	vraB	knockout	NE1227_vraB_knockout_knockout	vraB_knockout
NE1227	NE1227_019.5	6	19	knockout	vraB	knockout	NE1227_vraB_knockout_knockout	vraB_knockout
NE1227	NE1227_019.6	7	19	knockout	vraB	knockout	NE1227_vraB_knockout_knockout	vraB_knockout
NE1227	NE1227_019.4	5	19	knockout	vraB	knockout	NE1227_vraB_knockout_knockout	vraB_knockout
NE1227	NE1227_019.8	9	19	knockout	vraB	knockout	NE1227_vraB_knockout_knockout	vraB_knockout
NE1227	NE1227_019.7	8	19	knockout	vraB	knockout	NE1227_vraB_knockout_knockout	vraB_knockout
NE1227	NE1227_019.3	4	19	knockout	vraB	knockout	NE1227_vraB_knockout_knockout	vraB_knockout
NE1360	NE1360_000.5	6	0	knockout	mprF	knockout	NE1360_mprF_knockout_knockout	mprF_knockout
NE1360	NE1360_000.7	8	0	knockout	mprF	knockout	NE1360_mprF_knockout_knockout	mprF_knockout
NE1360	NE1360_000.8	9	0	knockout	mprF	knockout	NE1360_mprF_knockout_knockout	mprF_knockout
NE1360	NE1360_019.3	4	19	knockout	mprF	knockout	NE1360_mprF_knockout_knockout	mprF_knockout
NE1360	NE1360_000.6	7	0	knockout	mprF	knockout	NE1360_mprF_knockout_knockout	mprF_knockout
NE1360	NE1360_019.1	2	19	knockout	mprF	knockout	NE1360_mprF_knockout_knockout	mprF_knockout
NE1360	NE1360_019.2	3	19	knockout	mprF	knockout	NE1360_mprF_knockout_knockout	mprF_knockout
NE1360	NE1360_019.8	9	19	knockout	mprF	knockout	NE1360_mprF_knockout_knockout	mprF_knockout
NE1360	NE1360_019.4	5	19	knockout	mprF	knockout	NE1360_mprF_knockout_knockout	mprF_knockout
NE1360	NE1360_019.6	7	19	knockout	mprF	knockout	NE1360_mprF_knockout_knockout	mprF_knockout
NE1360	NE1360_019.7	8	19	knockout	mprF	knockout	NE1360_mprF_knockout_knockout	mprF_knockout
NE1360	NE1360_000.2	3	0	knockout	mprF	knockout	NE1360_mprF_knockout_knockout	mprF_knockout
NE1360	NE1360_000.3	4	0	knockout	mprF	knockout	NE1360_mprF_knockout_knockout	mprF_knockout
NE1360	NE1360_000.4	5	0	knockout	mprF	knockout	NE1360_mprF_knockout_knockout	mprF_knockout
NE1360	NE1360_000.1	2	0	knockout	mprF	knockout	NE1360_mprF_knockout_knockout	mprF_knockout
NE1360	NE1360_019.5	6	19	knockout	mprF	knockout	NE1360_mprF_knockout_knockout	mprF_knockout
NE1360	NE1360_000	1	0	knockout	mprF	knockout	NE1360_mprF_knockout_knockout	mprF_knockout
NE1360	NE1360_019	1	19	knockout	mprF	knockout	NE1360_mprF_knockout_knockout	mprF_knockout
NE1459	NE1459_019.6	7	19	knockout	pstS	knockout	NE1459_pstS_knockout_knockout	pstS_knockout
NE1459	NE1459_019.7	8	19	knockout	pstS	knockout	NE1459_pstS_knockout_knockout	pstS_knockout
NE1459	NE1459_019.8	9	19	knockout	pstS	knockout	NE1459_pstS_knockout_knockout	pstS_knockout
NE1459	NE1459_000.7	8	0	knockout	pstS	knockout	NE1459_pstS_knockout_knockout	pstS_knockout
NE1459	NE1459_000	1	0	knockout	pstS	knockout	NE1459_pstS_knockout_knockout	pstS_knockout
NE1459	NE1459_000.4	5	0	knockout	pstS	knockout	NE1459_pstS_knockout_knockout	pstS_knockout
NE1459	NE1459_000.2	3	0	knockout	pstS	knockout	NE1459_pstS_knockout_knockout	pstS_knockout
NE1459	NE1459_019.4	5	19	knockout	pstS	knockout	NE1459_pstS_knockout_knockout	pstS_knockout
NE1459	NE1459_019.5	6	19	knockout	pstS	knockout	NE1459_pstS_knockout_knockout	pstS_knockout
NE1459	NE1459_000.8	9	0	knockout	pstS	knockout	NE1459_pstS_knockout_knockout	pstS_knockout
NE1459	NE1459_000.5	6	0	knockout	pstS	knockout	NE1459_pstS_knockout_knockout	pstS_knockout
NE1459	NE1459_000.6	7	0	knockout	pstS	knockout	NE1459_pstS_knockout_knockout	pstS_knockout
NE1459	NE1459_019.3	4	19	knockout	pstS	knockout	NE1459_pstS_knockout_knockout	pstS_knockout
NE1459	NE1459_019	1	19	knockout	pstS	knockout	NE1459_pstS_knockout_knockout	pstS_knockout
NE1459	NE1459_000.1	2	0	knockout	pstS	knockout	NE1459_pstS_knockout_knockout	pstS_knockout
NE1459	NE1459_019.2	3	19	knockout	pstS	knockout	NE1459_pstS_knockout_knockout	pstS_knockout
NE1459	NE1459_000.3	4	0	knockout	pstS	knockout	NE1459_pstS_knockout_knockout	pstS_knockout
NE1459	NE1459_019.1	2	19	knockout	pstS	knockout	NE1459_pstS_knockout_knockout	pstS_knockout
NE162	NE162_000.2	3	0	knockout	vraA	knockout	NE162_vraA_knockout_knockout	vraA_knockout
NE162	NE162_019.3	4	19	knockout	vraA	knockout	NE162_vraA_knockout_knockout	vraA_knockout
NE162	NE162_019.1	2	19	knockout	vraA	knockout	NE162_vraA_knockout_knockout	vraA_knockout
NE162	NE162_019.2	3	19	knockout	vraA	knockout	NE162_vraA_knockout_knockout	vraA_knockout
NE162	NE162_019.6	7	19	knockout	vraA	knockout	NE162_vraA_knockout_knockout	vraA_knockout
NE162	NE162_019.4	5	19	knockout	vraA	knockout	NE162_vraA_knockout_knockout	vraA_knockout
NE162	NE162_019.8	9	19	knockout	vraA	knockout	NE162_vraA_knockout_knockout	vraA_knockout
NE162	NE162_000.1	2	0	knockout	vraA	knockout	NE162_vraA_knockout_knockout	vraA_knockout
NE162	NE162_019	1	19	knockout	vraA	knockout	NE162_vraA_knockout_knockout	vraA_knockout
NE162	NE162_000.3	4	0	knockout	vraA	knockout	NE162_vraA_knockout_knockout	vraA_knockout
NE162	NE162_000.4	5	0	knockout	vraA	knockout	NE162_vraA_knockout_knockout	vraA_knockout
NE162	NE162_000.5	6	0	knockout	vraA	knockout	NE162_vraA_knockout_knockout	vraA_knockout
NE162	NE162_019.5	6	19	knockout	vraA	knockout	NE162_vraA_knockout_knockout	vraA_knockout
NE162	NE162_000.7	8	0	knockout	vraA	knockout	NE162_vraA_knockout_knockout	vraA_knockout
NE162	NE162_000.8	9	0	knockout	vraA	knockout	NE162_vraA_knockout_knockout	vraA_knockout
NE162	NE162_000	1	0	knockout	vraA	knockout	NE162_vraA_knockout_knockout	vraA_knockout
NE162	NE162_000.6	7	0	knockout	vraA	knockout	NE162_vraA_knockout_knockout	vraA_knockout
NE162	NE162_019.7	8	19	knockout	vraA	knockout	NE162_vraA_knockout_knockout	vraA_knockout
NE186	NE186_019.1	2	19	knockout	fnbA	knockout	NE186_fnbA_knockout_knockout	fnbA_knockout
NE186	NE186_019.5	6	19	knockout	fnbA	knockout	NE186_fnbA_knockout_knockout	fnbA_knockout
NE186	NE186_019.6	7	19	knockout	fnbA	knockout	NE186_fnbA_knockout_knockout	fnbA_knockout
NE186	NE186_000.7	8	0	knockout	fnbA	knockout	NE186_fnbA_knockout_knockout	fnbA_knockout
NE186	NE186_019.3	4	19	knockout	fnbA	knockout	NE186_fnbA_knockout_knockout	fnbA_knockout
NE186	NE186_019.4	5	19	knockout	fnbA	knockout	NE186_fnbA_knockout_knockout	fnbA_knockout
NE186	NE186_000.3	4	0	knockout	fnbA	knockout	NE186_fnbA_knockout_knockout	fnbA_knockout
NE186	NE186_019.7	8	19	knockout	fnbA	knockout	NE186_fnbA_knockout_knockout	fnbA_knockout
NE186	NE186_019.8	9	19	knockout	fnbA	knockout	NE186_fnbA_knockout_knockout	fnbA_knockout
NE186	NE186_000.1	2	0	knockout	fnbA	knockout	NE186_fnbA_knockout_knockout	fnbA_knockout
NE186	NE186_000.6	7	0	knockout	fnbA	knockout	NE186_fnbA_knockout_knockout	fnbA_knockout
NE186	NE186_000.8	9	0	knockout	fnbA	knockout	NE186_fnbA_knockout_knockout	fnbA_knockout
NE186	NE186_019.2	3	19	knockout	fnbA	knockout	NE186_fnbA_knockout_knockout	fnbA_knockout
NE186	NE186_000.5	6	0	knockout	fnbA	knockout	NE186_fnbA_knockout_knockout	fnbA_knockout
NE186	NE186_000.2	3	0	knockout	fnbA	knockout	NE186_fnbA_knockout_knockout	fnbA_knockout
NE186	NE186_000	1	0	knockout	fnbA	knockout	NE186_fnbA_knockout_knockout	fnbA_knockout
NE186	NE186_019	1	19	knockout	fnbA	knockout	NE186_fnbA_knockout_knockout	fnbA_knockout
NE186	NE186_000.4	5	0	knockout	fnbA	knockout	NE186_fnbA_knockout_knockout	fnbA_knockout
NE187	NE187_019	1	19	knockout	pitA	knockout	NE187_pitA_knockout_knockout	pitA_knockout
NE187	NE187_000	1	0	knockout	pitA	knockout	NE187_pitA_knockout_knockout	pitA_knockout
NE187	NE187_000.2	3	0	knockout	pitA	knockout	NE187_pitA_knockout_knockout	pitA_knockout
NE187	NE187_000.3	4	0	knockout	pitA	knockout	NE187_pitA_knockout_knockout	pitA_knockout
NE187	NE187_000.4	5	0	knockout	pitA	knockout	NE187_pitA_knockout_knockout	pitA_knockout
NE187	NE187_000.1	2	0	knockout	pitA	knockout	NE187_pitA_knockout_knockout	pitA_knockout
NE187	NE187_019.2	3	19	knockout	pitA	knockout	NE187_pitA_knockout_knockout	pitA_knockout
NE187	NE187_019.3	4	19	knockout	pitA	knockout	NE187_pitA_knockout_knockout	pitA_knockout
NE187	NE187_019.4	5	19	knockout	pitA	knockout	NE187_pitA_knockout_knockout	pitA_knockout
NE187	NE187_019.1	2	19	knockout	pitA	knockout	NE187_pitA_knockout_knockout	pitA_knockout
NE187	NE187_019.7	8	19	knockout	pitA	knockout	NE187_pitA_knockout_knockout	pitA_knockout
NE187	NE187_019.8	9	19	knockout	pitA	knockout	NE187_pitA_knockout_knockout	pitA_knockout
NE187	NE187_000.6	7	0	knockout	pitA	knockout	NE187_pitA_knockout_knockout	pitA_knockout
NE187	NE187_000.7	8	0	knockout	pitA	knockout	NE187_pitA_knockout_knockout	pitA_knockout
NE187	NE187_019.6	7	19	knockout	pitA	knockout	NE187_pitA_knockout_knockout	pitA_knockout
NE187	NE187_000.5	6	0	knockout	pitA	knockout	NE187_pitA_knockout_knockout	pitA_knockout
NE187	NE187_019.5	6	19	knockout	pitA	knockout	NE187_pitA_knockout_knockout	pitA_knockout
NE187	NE187_000.8	9	0	knockout	pitA	knockout	NE187_pitA_knockout_knockout	pitA_knockout
NE286	NE286_000.4	5	0	knockout	spa	knockout	NE286_spa_knockout_knockout	spa_knockout
NE286	NE286_000.5	6	0	knockout	spa	knockout	NE286_spa_knockout_knockout	spa_knockout
NE286	NE286_000.3	4	0	knockout	spa	knockout	NE286_spa_knockout_knockout	spa_knockout
NE286	NE286_019	1	19	knockout	spa	knockout	NE286_spa_knockout_knockout	spa_knockout
NE286	NE286_000.8	9	0	knockout	spa	knockout	NE286_spa_knockout_knockout	spa_knockout
NE286	NE286_000.6	7	0	knockout	spa	knockout	NE286_spa_knockout_knockout	spa_knockout
NE286	NE286_000.7	8	0	knockout	spa	knockout	NE286_spa_knockout_knockout	spa_knockout
NE286	NE286_000.2	3	0	knockout	spa	knockout	NE286_spa_knockout_knockout	spa_knockout
NE286	NE286_019.3	4	19	knockout	spa	knockout	NE286_spa_knockout_knockout	spa_knockout
NE286	NE286_019.5	6	19	knockout	spa	knockout	NE286_spa_knockout_knockout	spa_knockout
NE286	NE286_019.8	9	19	knockout	spa	knockout	NE286_spa_knockout_knockout	spa_knockout
NE286	NE286_019.2	3	19	knockout	spa	knockout	NE286_spa_knockout_knockout	spa_knockout
NE286	NE286_000.1	2	0	knockout	spa	knockout	NE286_spa_knockout_knockout	spa_knockout
NE286	NE286_019.1	2	19	knockout	spa	knockout	NE286_spa_knockout_knockout	spa_knockout
NE286	NE286_019.7	8	19	knockout	spa	knockout	NE286_spa_knockout_knockout	spa_knockout
NE286	NE286_000	1	0	knockout	spa	knockout	NE286_spa_knockout_knockout	spa_knockout
NE286	NE286_019.4	5	19	knockout	spa	knockout	NE286_spa_knockout_knockout	spa_knockout
NE286	NE286_019.6	7	19	knockout	spa	knockout	NE286_spa_knockout_knockout	spa_knockout
NE357	NE357_019.8	9	19	knockout	nptA	knockout	NE357_nptA_knockout_knockout	nptA_knockout
NE357	NE357_019.4	5	19	knockout	nptA	knockout	NE357_nptA_knockout_knockout	nptA_knockout
NE357	NE357_019.7	8	19	knockout	nptA	knockout	NE357_nptA_knockout_knockout	nptA_knockout
NE357	NE357_000.2	3	0	knockout	nptA	knockout	NE357_nptA_knockout_knockout	nptA_knockout
NE357	NE357_000.3	4	0	knockout	nptA	knockout	NE357_nptA_knockout_knockout	nptA_knockout
NE357	NE357_019.6	7	19	knockout	nptA	knockout	NE357_nptA_knockout_knockout	nptA_knockout
NE357	NE357_000.5	6	0	knockout	nptA	knockout	NE357_nptA_knockout_knockout	nptA_knockout
NE357	NE357_019	1	19	knockout	nptA	knockout	NE357_nptA_knockout_knockout	nptA_knockout
NE357	NE357_000.8	9	0	knockout	nptA	knockout	NE357_nptA_knockout_knockout	nptA_knockout
NE357	NE357_000.4	5	0	knockout	nptA	knockout	NE357_nptA_knockout_knockout	nptA_knockout
NE357	NE357_019.2	3	19	knockout	nptA	knockout	NE357_nptA_knockout_knockout	nptA_knockout
NE357	NE357_019.3	4	19	knockout	nptA	knockout	NE357_nptA_knockout_knockout	nptA_knockout
NE357	NE357_000.6	7	0	knockout	nptA	knockout	NE357_nptA_knockout_knockout	nptA_knockout
NE357	NE357_019.5	6	19	knockout	nptA	knockout	NE357_nptA_knockout_knockout	nptA_knockout
NE357	NE357_000	1	0	knockout	nptA	knockout	NE357_nptA_knockout_knockout	nptA_knockout
NE357	NE357_000.1	2	0	knockout	nptA	knockout	NE357_nptA_knockout_knockout	nptA_knockout
NE357	NE357_000.7	8	0	knockout	nptA	knockout	NE357_nptA_knockout_knockout	nptA_knockout
NE357	NE357_019.1	2	19	knockout	nptA	knockout	NE357_nptA_knockout_knockout	nptA_knockout
NE391	NE391_019	1	19	knockout	clfB	knockout	NE391_clfB_knockout_knockout	clfB_knockout
NE391	NE391_000.7	8	0	knockout	clfB	knockout	NE391_clfB_knockout_knockout	clfB_knockout
NE391	NE391_000.2	3	0	knockout	clfB	knockout	NE391_clfB_knockout_knockout	clfB_knockout
NE391	NE391_019.8	9	19	knockout	clfB	knockout	NE391_clfB_knockout_knockout	clfB_knockout
NE391	NE391_000	1	0	knockout	clfB	knockout	NE391_clfB_knockout_knockout	clfB_knockout
NE391	NE391_000.1	2	0	knockout	clfB	knockout	NE391_clfB_knockout_knockout	clfB_knockout
NE391	NE391_019.6	7	19	knockout	clfB	knockout	NE391_clfB_knockout_knockout	clfB_knockout
NE391	NE391_019.7	8	19	knockout	clfB	knockout	NE391_clfB_knockout_knockout	clfB_knockout
NE391	NE391_000.5	6	0	knockout	clfB	knockout	NE391_clfB_knockout_knockout	clfB_knockout
NE391	NE391_000.6	7	0	knockout	clfB	knockout	NE391_clfB_knockout_knockout	clfB_knockout
NE391	NE391_019.4	5	19	knockout	clfB	knockout	NE391_clfB_knockout_knockout	clfB_knockout
NE391	NE391_019.1	2	19	knockout	clfB	knockout	NE391_clfB_knockout_knockout	clfB_knockout
NE391	NE391_000.3	4	0	knockout	clfB	knockout	NE391_clfB_knockout_knockout	clfB_knockout
NE391	NE391_000.8	9	0	knockout	clfB	knockout	NE391_clfB_knockout_knockout	clfB_knockout
NE391	NE391_019.3	4	19	knockout	clfB	knockout	NE391_clfB_knockout_knockout	clfB_knockout
NE391	NE391_019.5	6	19	knockout	clfB	knockout	NE391_clfB_knockout_knockout	clfB_knockout
NE391	NE391_000.4	5	0	knockout	clfB	knockout	NE391_clfB_knockout_knockout	clfB_knockout
NE391	NE391_019.2	3	19	knockout	clfB	knockout	NE391_clfB_knockout_knockout	clfB_knockout
NE433	NE433_000.8	9	0	knockout	pstC	knockout	NE433_pstC_knockout_knockout	pstC_knockout
NE433	NE433_000.6	7	0	knockout	pstC	knockout	NE433_pstC_knockout_knockout	pstC_knockout
NE433	NE433_000.7	8	0	knockout	pstC	knockout	NE433_pstC_knockout_knockout	pstC_knockout
NE433	NE433_019	1	19	knockout	pstC	knockout	NE433_pstC_knockout_knockout	pstC_knockout
NE433	NE433_000.5	6	0	knockout	pstC	knockout	NE433_pstC_knockout_knockout	pstC_knockout
NE433	NE433_019.2	3	19	knockout	pstC	knockout	NE433_pstC_knockout_knockout	pstC_knockout
NE433	NE433_019.3	4	19	knockout	pstC	knockout	NE433_pstC_knockout_knockout	pstC_knockout
NE433	NE433_019.4	5	19	knockout	pstC	knockout	NE433_pstC_knockout_knockout	pstC_knockout
NE433	NE433_019.1	2	19	knockout	pstC	knockout	NE433_pstC_knockout_knockout	pstC_knockout
NE433	NE433_019.6	7	19	knockout	pstC	knockout	NE433_pstC_knockout_knockout	pstC_knockout
NE433	NE433_019.7	8	19	knockout	pstC	knockout	NE433_pstC_knockout_knockout	pstC_knockout
NE433	NE433_019.8	9	19	knockout	pstC	knockout	NE433_pstC_knockout_knockout	pstC_knockout
NE433	NE433_000.4	5	0	knockout	pstC	knockout	NE433_pstC_knockout_knockout	pstC_knockout
NE433	NE433_019.5	6	19	knockout	pstC	knockout	NE433_pstC_knockout_knockout	pstC_knockout
NE433	NE433_000	1	0	knockout	pstC	knockout	NE433_pstC_knockout_knockout	pstC_knockout
NE433	NE433_000.1	2	0	knockout	pstC	knockout	NE433_pstC_knockout_knockout	pstC_knockout
NE433	NE433_000.2	3	0	knockout	pstC	knockout	NE433_pstC_knockout_knockout	pstC_knockout
NE433	NE433_000.3	4	0	knockout	pstC	knockout	NE433_pstC_knockout_knockout	pstC_knockout
NE543	NE543_019.5	6	19	knockout	clfA	knockout	NE543_clfA_knockout_knockout	clfA_knockout
NE543	NE543_019.2	3	19	knockout	clfA	knockout	NE543_clfA_knockout_knockout	clfA_knockout
NE543	NE543_019.3	4	19	knockout	clfA	knockout	NE543_clfA_knockout_knockout	clfA_knockout
NE543	NE543_000	1	0	knockout	clfA	knockout	NE543_clfA_knockout_knockout	clfA_knockout
NE543	NE543_000.1	2	0	knockout	clfA	knockout	NE543_clfA_knockout_knockout	clfA_knockout
NE543	NE543_000.6	7	0	knockout	clfA	knockout	NE543_clfA_knockout_knockout	clfA_knockout
NE543	NE543_019.4	5	19	knockout	clfA	knockout	NE543_clfA_knockout_knockout	clfA_knockout
NE543	NE543_000.8	9	0	knockout	clfA	knockout	NE543_clfA_knockout_knockout	clfA_knockout
NE543	NE543_019.1	2	19	knockout	clfA	knockout	NE543_clfA_knockout_knockout	clfA_knockout
NE543	NE543_019	1	19	knockout	clfA	knockout	NE543_clfA_knockout_knockout	clfA_knockout
NE543	NE543_000.2	3	0	knockout	clfA	knockout	NE543_clfA_knockout_knockout	clfA_knockout
NE543	NE543_000.3	4	0	knockout	clfA	knockout	NE543_clfA_knockout_knockout	clfA_knockout
NE543	NE543_000.4	5	0	knockout	clfA	knockout	NE543_clfA_knockout_knockout	clfA_knockout
NE543	NE543_000.5	6	0	knockout	clfA	knockout	NE543_clfA_knockout_knockout	clfA_knockout
NE543	NE543_019.8	9	19	knockout	clfA	knockout	NE543_clfA_knockout_knockout	clfA_knockout
NE543	NE543_000.7	8	0	knockout	clfA	knockout	NE543_clfA_knockout_knockout	clfA_knockout
NE543	NE543_019.6	7	19	knockout	clfA	knockout	NE543_clfA_knockout_knockout	clfA_knockout
NE543	NE543_019.7	8	19	knockout	clfA	knockout	NE543_clfA_knockout_knockout	clfA_knockout
NE728	NE728_019.8	9	19	knockout	fnbB	knockout	NE728_fnbB_knockout_knockout	fnbB_knockout
NE728	NE728_019.7	8	19	knockout	fnbB	knockout	NE728_fnbB_knockout_knockout	fnbB_knockout
NE728	NE728_000.6	7	0	knockout	fnbB	knockout	NE728_fnbB_knockout_knockout	fnbB_knockout
NE728	NE728_000.3	4	0	knockout	fnbB	knockout	NE728_fnbB_knockout_knockout	fnbB_knockout
NE728	NE728_019.5	6	19	knockout	fnbB	knockout	NE728_fnbB_knockout_knockout	fnbB_knockout
NE728	NE728_000.2	3	0	knockout	fnbB	knockout	NE728_fnbB_knockout_knockout	fnbB_knockout
NE728	NE728_019	1	19	knockout	fnbB	knockout	NE728_fnbB_knockout_knockout	fnbB_knockout
NE728	NE728_019.6	7	19	knockout	fnbB	knockout	NE728_fnbB_knockout_knockout	fnbB_knockout
NE728	NE728_000.8	9	0	knockout	fnbB	knockout	NE728_fnbB_knockout_knockout	fnbB_knockout
NE728	NE728_000.5	6	0	knockout	fnbB	knockout	NE728_fnbB_knockout_knockout	fnbB_knockout
NE728	NE728_019.2	3	19	knockout	fnbB	knockout	NE728_fnbB_knockout_knockout	fnbB_knockout
NE728	NE728_000.7	8	0	knockout	fnbB	knockout	NE728_fnbB_knockout_knockout	fnbB_knockout
NE728	NE728_000	1	0	knockout	fnbB	knockout	NE728_fnbB_knockout_knockout	fnbB_knockout
NE728	NE728_000.1	2	0	knockout	fnbB	knockout	NE728_fnbB_knockout_knockout	fnbB_knockout
NE728	NE728_019.1	2	19	knockout	fnbB	knockout	NE728_fnbB_knockout_knockout	fnbB_knockout
NE728	NE728_019.3	4	19	knockout	fnbB	knockout	NE728_fnbB_knockout_knockout	fnbB_knockout
NE728	NE728_019.4	5	19	knockout	fnbB	knockout	NE728_fnbB_knockout_knockout	fnbB_knockout
NE728	NE728_000.4	5	0	knockout	fnbB	knockout	NE728_fnbB_knockout_knockout	fnbB_knockout
NEG	NEG	1	NEG	none	none	none	NEG_none_none_none	none_none
NEG	NEG.1	2	NEG	none	none	none	NEG_none_none_none	none_none
NEG	NEG.2	3	NEG	none	none	none	NEG_none_none_none	none_none
